{"directory":{"0":"TopoStats","1":"TopoStats","2":"TopoStats","3":"TopoStats","4":"TopoStats","5":"TopoStats","6":"TopoStats","7":"TopoStats","8":"TopoStats","9":"TopoStats","10":"TopoStats","11":"TopoStats","12":"TopoStats","13":"TopoStats","14":"TopoStats","15":"TopoStats","16":"TopoStats","17":"TopoStats","18":"TopoStats"},"filename":{"0":"minicircle","1":"minicircle","2":"minicircle","3":"minicircle","4":"minicircle","5":"minicircle","6":"minicircle","7":"minicircle","8":"minicircle","9":"minicircle","10":"minicircle","11":"minicircle","12":"minicircle","13":"minicircle","14":"minicircle","15":"minicircle","16":"minicircle","17":"minicircle","18":"minicircle"},"grain no":{"0":1,"1":2,"2":3,"3":4,"4":5,"5":6,"6":7,"7":8,"8":9,"9":10,"10":11,"11":12,"12":13,"13":14,"14":15,"15":16,"16":17,"17":18,"18":19},"grain_bound_len":{"0":0.0000001528,"1":0.0000002137,"2":0.0000001483,"3":0.0000002517,"4":0.0000001505,"5":0.0000002173,"6":0.0000001917,"7":0.0000001944,"8":0.0000002033,"9":0.0000001805,"10":0.0000002101,"11":0.0000002306,"12":0.0000002327,"13":0.0000002058,"14":0.0000001992,"15":0.0000002382,"16":0.0000001917,"17":0.0000002295,"18":0.0000001927},"grain_center_x":{"0":0.0000003845,"1":0.0000002209,"2":0.0000003392,"3":0.0000002869,"4":0.0000004191,"5":0.0000001791,"6":0.0000003821,"7":0.0000004218,"8":0.0000001066,"9":0.000000044,"10":0.0000003855,"11":0.0000002446,"12":0.0000002889,"13":0.0000004574,"14":0.0000002032,"15":0.0000003741,"16":0.0000004565,"17":0.000000408,"18":0.0000000771},"grain_center_y":{"0":0.0000000997,"1":0.0000001609,"2":0.0000002123,"3":0.0000002168,"4":0.0000002199,"5":0.0000002374,"6":0.0000002726,"7":0.0000002947,"8":0.0000003158,"9":0.0000003683,"10":0.0000003722,"11":0.0000003823,"12":0.0000003974,"13":0.0000004163,"14":0.0000004261,"15":0.0000004211,"16":0.0000004532,"17":0.0000004588,"18":0.0000004733},"grain_curvature1":{"0":-5937234.9412212446,"1":-1186581.5532992922,"2":-20571322.2540988289,"3":-1834583.1233548683,"4":-13697021.3573613875,"5":-3416496.5553703704,"6":-9535349.7188245319,"7":-5772922.7221865337,"8":-7825054.2908032173,"9":-12812372.2192549538,"10":-3201556.1042736699,"11":-4341848.9321432477,"12":-1743308.6264419653,"13":-13067325.2274914738,"14":-3242906.6058146772,"15":-2780152.9616220989,"16":-13870262.6519961879,"17":-2290084.7099433034,"18":-10166247.4469344039},"grain_curvature2":{"0":-926730.9302180147,"1":-45115.4581177102,"2":-970014.5173212836,"3":-865255.4323387232,"4":-672958.3671453194,"5":-891029.9934693325,"6":-497866.4515427485,"7":-2542144.4709922546,"8":-784633.86730853,"9":-770051.2491035042,"10":-298007.9408452082,"11":-82811.4439445932,"12":-557823.9920847957,"13":-1062128.3185869113,"14":-91934.807723545,"15":-1009414.5634512485,"16":-748137.878709309,"17":-687910.2253377682,"18":-655711.517888542},"grain_ellipse_angle":{"0":-1.5423917149,"1":0.3304120958,"2":-0.8911435803,"3":1.0369066779,"4":-1.2131294481,"5":1.1294742935,"6":0.5791888474,"7":0.5864906754,"8":0.8806525182,"9":0.1558243386,"10":-0.0261422757,"11":-1.2938272842,"12":-1.0175699222,"13":0.2523091757,"14":1.1082343724,"15":0.1452350861,"16":-0.5526799483,"17":1.426981324,"18":-0.8636363781},"grain_ellipse_major":{"0":0.00000002,"1":0.0000000258,"2":0.0000000281,"3":0.0000000205,"4":0.0000000245,"5":0.0000000226,"6":0.000000027,"7":0.0000000213,"8":0.0000000257,"9":0.0000000293,"10":0.0000000226,"11":0.0000000252,"12":0.000000022,"13":0.0000000267,"14":0.0000000251,"15":0.0000000239,"16":0.0000000266,"17":0.0000000213,"18":0.0000000259},"grain_ellipse_minor":{"0":0.0000000126,"1":0.0000000113,"2":0.0000000082,"3":0.0000000161,"4":0.0000000092,"5":0.0000000143,"6":0.0000000106,"7":0.0000000122,"8":0.0000000121,"9":0.0000000089,"10":0.0000000135,"11":0.000000012,"12":0.0000000154,"13":0.0000000099,"14":0.0000000115,"15":0.000000015,"16":0.0000000098,"17":0.0000000162,"18":0.0000000094},"grain_half_height_area":{"0":3.990035926e-16,"1":3.745997031e-16,"2":4.014439815e-16,"3":3.836291422e-16,"4":3.558087082e-16,"5":4.353653879e-16,"6":4.729473776e-16,"7":1.417865977e-16,"8":4.983274227e-16,"9":4.795364278e-16,"10":4.7904835e-16,"11":4.485434882e-16,"12":4.636738996e-16,"13":2.599014227e-16,"14":4.746556499e-16,"15":4.666023664e-16,"16":4.285322988e-16,"17":4.648940941e-16,"18":4.143780429e-16},"grain_laplace_volume":{"0":8.822370072e-25,"1":8.298881044e-25,"2":8.26914579e-25,"3":8.28982304e-25,"4":7.7678436e-25,"5":8.928063327e-25,"6":9.710866066e-25,"7":9.447840398e-25,"8":1.053931939e-24,"9":9.560976647e-25,"10":9.199127646e-25,"11":9.02108261e-25,"12":8.942555444e-25,"13":9.389260288e-25,"14":9.32391543e-25,"15":1.005091812e-24,"16":9.208488334e-25,"17":1.010731248e-24,"18":8.325888602e-25},"grain_max_bound_size":{"0":0.0000000403,"1":0.0000000567,"2":0.0000000514,"3":0.0000000454,"4":0.0000000469,"5":0.0000000478,"6":0.0000000507,"7":0.0000000431,"8":0.0000000541,"9":0.0000000556,"10":0.0000000512,"11":0.0000000507,"12":0.00000005,"13":0.0000000536,"14":0.000000052,"15":0.0000000502,"16":0.0000000544,"17":0.0000000468,"18":0.0000000502},"grain_maximum":{"0":0.0000000029,"1":0.0000000028,"2":0.0000000026,"3":0.0000000026,"4":0.0000000028,"5":0.0000000026,"6":0.0000000027,"7":0.000000004,"8":0.0000000028,"9":0.0000000026,"10":0.0000000025,"11":0.0000000026,"12":0.0000000025,"13":0.0000000037,"14":0.0000000026,"15":0.0000000028,"16":0.0000000028,"17":0.0000000028,"18":0.0000000026},"grain_mean":{"0":0.0000000017,"1":0.0000000016,"2":0.0000000017,"3":0.0000000016,"4":0.0000000017,"5":0.0000000016,"6":0.0000000017,"7":0.0000000018,"8":0.0000000018,"9":0.0000000018,"10":0.0000000017,"11":0.0000000016,"12":0.0000000017,"13":0.0000000018,"14":0.0000000017,"15":0.0000000017,"16":0.0000000018,"17":0.0000000017,"18":0.0000000017},"grain_mean_radius":{"0":0.000000014,"1":0.0000000154,"2":0.000000016,"3":0.0000000154,"4":0.0000000153,"5":0.0000000153,"6":0.0000000164,"7":0.0000000143,"8":0.0000000157,"9":0.0000000165,"10":0.0000000152,"11":0.0000000152,"12":0.0000000159,"13":0.0000000153,"14":0.0000000149,"15":0.0000000163,"16":0.0000000149,"17":0.0000000155,"18":0.0000000149},"grain_median":{"0":0.0000000019,"1":0.0000000017,"2":0.0000000018,"3":0.0000000016,"4":0.0000000018,"5":0.0000000018,"6":0.0000000019,"7":0.0000000019,"8":0.000000002,"9":0.000000002,"10":0.0000000019,"11":0.0000000018,"12":0.0000000018,"13":0.0000000019,"14":0.0000000018,"15":0.0000000018,"16":0.000000002,"17":0.0000000019,"18":0.0000000018},"grain_min_bound_size":{"0":0.0000000288,"1":0.0000000252,"2":0.0000000199,"3":0.0000000342,"4":0.0000000221,"5":0.0000000306,"6":0.0000000233,"7":0.0000000272,"8":0.0000000273,"9":0.0000000202,"10":0.0000000292,"11":0.0000000266,"12":0.0000000347,"13":0.0000000223,"14":0.0000000273,"15":0.0000000324,"16":0.000000023,"17":0.0000000354,"18":0.0000000209},"grain_min_volume":{"0":8.111091852e-25,"1":7.451927705e-25,"2":7.527452079e-25,"3":7.508165116e-25,"4":7.102030079e-25,"5":8.107482048e-25,"6":8.740059931e-25,"7":8.581191728e-25,"8":9.676014007e-25,"9":8.622757684e-25,"10":8.245885129e-25,"11":8.023969529e-25,"12":8.072776619e-25,"13":8.424655173e-25,"14":8.411418073e-25,"15":9.022064314e-25,"16":8.343899806e-25,"17":9.210306271e-25,"18":7.535375459e-25},"grain_pixel_area":{"0":2827.0,"1":2876.0,"2":2694.0,"3":3102.0,"4":2585.0,"5":3089.0,"6":3124.0,"7":2830.0,"8":3234.0,"9":2947.0,"10":2948.0,"11":3032.0,"12":3045.0,"13":2841.0,"14":3125.0,"15":3265.0,"16":2777.0,"17":3246.0,"18":2724.0},"grain_proj_area":{"0":6.898979549e-16,"1":7.018558607e-16,"2":6.574407819e-16,"3":7.570086509e-16,"4":6.308405424e-16,"5":7.538361452e-16,"6":7.623775065e-16,"7":6.906300715e-16,"8":7.892217849e-16,"9":7.191826222e-16,"10":7.194266611e-16,"11":7.399259282e-16,"12":7.430984339e-16,"13":6.933144994e-16,"14":7.626215454e-16,"15":7.967869907e-16,"16":6.776960101e-16,"17":7.921502517e-16,"18":6.647619487e-16},"grain_zero_volume":{"0":1.195784864e-24,"1":1.136876219e-24,"2":1.119932702e-24,"3":1.172922189e-24,"4":1.062239835e-24,