{"directory":{"0":"TopoStats","1":"TopoStats","2":"TopoStats","3":"TopoStats","4":"TopoStats","5":"TopoStats","6":"TopoStats","7":"TopoStats","8":"TopoStats","9":"TopoStats","10":"TopoStats","11":"TopoStats","12":"TopoStats","13":"TopoStats","14":"TopoStats","15":"TopoStats","16":"TopoStats","17":"TopoStats","18":"TopoStats"},"filename":{"0":"minicircle","1":"minicircle","2":"minicircle","3":"minicircle","4":"minicircle","5":"minicircle","6":"minicircle","7":"minicircle","8":"minicircle","9":"minicircle","10":"minicircle","11":"minicircle","12":"minicircle","13":"minicircle","14":"minicircle","15":"minicircle","16":"minicircle","17":"minicircle","18":"minicircle"},"grain no":{"0":1,"1":2,"2":3,"3":4,"4":5,"5":6,"6":7,"7":8,"8":9,"9":10,"10":11,"11":12,"12":13,"13":14,"14":15,"15":16,"16":17,"17":18,"18":19},"grain_bound_len":{"0":0.0000001458,"1":0.0000002145,"2":0.0000001463,"3":0.0000002337,"4":0.000000149,"5":0.0000002131,"6":0.0000001885,"7":0.0000001881,"8":0.0000001991,"9":0.0000002059,"10":0.0000001829,"11":0.0000002271,"12":0.0000002257,"13":0.0000002001,"14":0.0000001924,"15":0.0000002318,"16":0.0000001854,"17":0.0000002226,"18":0.0000001868},"grain_center_x":{"0":0.0000003845,"1":0.000000221,"2":0.0000003391,"3":0.0000002869,"4":0.000000419,"5":0.000000179,"6":0.0000003819,"7":0.000000422,"8":0.0000001067,"9":0.0000003856,"10":0.0000000439,"11":0.0000002447,"12":0.0000002889,"13":0.0000004573,"14":0.0000002031,"15":0.0000003739,"16":0.0000004563,"17":0.000000408,"18":0.0000000769},"grain_center_y":{"0":0.0000000998,"1":0.0000001607,"2":0.0000002122,"3":0.0000002163,"4":0.0000002194,"5":0.0000002375,"6":0.0000002729,"7":0.0000002943,"8":0.0000003156,"9":0.0000003723,"10":0.0000003683,"11":0.0000003826,"12":0.0000003974,"13":0.0000004163,"14":0.0000004261,"15":0.000000421,"16":0.0000004529,"17":0.0000004583,"18":0.0000004729},"grain_curvature1":{"0":-4749278.7924636323,"1":-733561.7607455358,"2":-21113464.4793378562,"3":-1335344.0254995062,"4":-12438156.8901124243,"5":-2218250.5665941932,"6":-9908620.8118403051,"7":-6466821.4911288051,"8":-6569939.8047338873,"9":-1707344.3739967095,"10":-8175306.8376610568,"11":-4611798.2006948367,"12":-1438207.3697851293,"13":-11899830.1001995597,"14":-3072592.9652282191,"15":-2721038.8240495557,"16":-13271261.8204872701,"17":-1726268.2279222091,"18":-8437734.7387905959},"grain_curvature2":{"0":-970537.2046408887,"1":93975.724652647,"2":-880300.1381359949,"3":-594990.3149931742,"4":-526626.2814964801,"5":-593664.4844135974,"6":-611337.2458137424,"7":-2745030.9671359658,"8":-366414.4713617761,"9":-303143.5184206223,"10":-333625.1464709456,"11":-312220.0753286831,"12":-341074.2199695515,"13":-925373.9714167388,"14":-208977.5308316444,"15":-859710.9089983123,"16":-848728.8158723303,"17":-709411.8505005823,"18":-372712.6317556875},"grain_ellipse_angle":{"0":-1.5322678823,"1":0.3346918317,"2":-0.8885879089,"3":1.0552114111,"4":-1.2111382862,"5":1.1348189818,"6":0.5732176359,"7":0.5770618588,"8":0.8887699224,"9":-0.0220679808,"10":0.1696160474,"11":-1.3018760257,"12":-1.0133601587,"13":0.2564020884,"14":1.1096710385,"15":0.146965959,"16":-0.5482963039,"17":1.4100985247,"18":-0.8671761921},"grain_ellipse_major":{"0":0.0000000199,"1":0.0000000251,"2":0.0000000278,"3":0.0000000203,"4":0.0000000244,"5":0.0000000222,"6":0.000000027,"7":0.0000000213,"8":0.0000000255,"9":0.0000000222,"10":0.0000000283,"11":0.000000025,"12":0.0000000219,"13":0.0000000265,"14":0.0000000251,"15":0.0000000238,"16":0.0000000263,"17":0.0000000209,"18":0.0000000259},"grain_ellipse_minor":{"0":0.0000000124,"1":0.000000011,"2":0.0000000081,"3":0.0000000158,"4":0.000000009,"5":0.000000014,"6":0.0000000107,"7":0.0000000122,"8":0.0000000118,"9":0.0000000135,"10":0.0000000087,"11":0.0000000118,"12":0.0000000153,"13":0.0000000099,"14":0.0000000114,"15":0.0000000149,"16":0.0000000097,"17":0.0000000161,"18":0.0000000093},"grain_half_height_area":{"0":3.853374145e-16,"1":3.284763521e-16,"2":3.914383868e-16,"3":3.460471525e-16,"4":3.406782968e-16,"5":4.138899651e-16,"6":4.966191504e-16,"7":1.378819754e-16,"8":4.580610051e-16,"9":4.458590603e-16,"10":4.321928822e-16,"11":4.334130767e-16,"12":4.46591177e-16,"13":2.550206448e-16,"14":4.71971222e-16,"15":4.461030992e-16,"16":4.195028597e-16,"17":4.238955598e-16,"18":3.88753959e-16},"grain_max_bound_size":{"0":0.0000000402,"1":0.0000000558,"2":0.0000000511,"3":0.0000000449,"4":0.0000000467,"5":0.000000047,"6":0.0000000504,"7":0.0000000427,"8":0.0000000538,"9":0.0000000506,"10":0.000000054,"11":0.0000000507,"12":0.0000000498,"13":0.0000000533,"14":0.000000052,"15":0.00000005,"16":0.0000000538,"17":0.0000000461,"18":0.0000000498},"grain_maximum":{"0":0.0000000026,"1":0.0000000024,"2":0.0000000025,"3":0.0000000025,"4":0.0000000026,"5":0.0000000023,"6":0.0000000024,"7":0.0000000038,"8":0.0000000025,"9":0.0000000023,"10":0.0000000021,"11":0.0000000022,"12":0.0000000023,"13":0.0000000034,"14":0.0000000023,"15":0.0000000026,"16":0.0000000025,"17":0.0000000026,"18":0.0000000024},"grain_mean":{"0":0.0000000016,"1":0.0000000014,"2":0.0000000016,"3":0.0000000014,"4":0.0000000016,"5":0.0000000015,"6":0.0000000016,"7":0.0000000017,"8":0.0000000016,"9":0.0000000015,"10":0.0000000015,"11":0.0000000015,"12":0.0000000015,"13":0.0000000016,"14":0.0000000016,"15":0.0000000016,"16":0.0000000017,"17":0.0000000016,"18":0.0000000015},"grain_mean_radius":{"0":0.000000014,"1":0.0000000153,"2":0.000000016,"3":0.0000000153,"4":0.0000000152,"5":0.0000000152,"6":0.0000000164,"7":0.0000000144,"8":0.0000000154,"9":0.0000000152,"10":0.000000016,"11":0.0000000151,"12":0.0000000159,"13":0.0000000153,"14":0.0000000149,"15":0.0000000163,"16":0.0000000149,"17":0.0000000155,"18":0.0000000149},"grain_median":{"0":0.0000000017,"1":0.0000000015,"2":0.0000000017,"3":0.0000000015,"4":0.0000000017,"5":0.0000000016,"6":0.0000000018,"7":0.0000000018,"8":0.0000000017,"9":0.0000000017,"10":0.0000000016,"11":0.0000000016,"12":0.0000000016,"13":0.0000000018,"14":0.0000000017,"15":0.0000000017,"16":0.0000000018,"17":0.0000000017,"18":0.0000000017},"grain_min_bound_size":{"0":0.0000000285,"1":0.0000000248,"2":0.0000000193,"3":0.0000000334,"4":0.0000000217,"5":0.00000003,"6":0.0000000234,"7":0.000000027,"8":0.0000000268,"9":0.000000029,"10":0.0000000196,"11":0.000000026,"12":0.0000000345,"13":0.0000000223,"14":0.0000000272,"15":0.0000000326,"16":0.0000000226,"17":0.0000000349,"18":0.0000000208},"grain_pixel_area":{"0":2749.0,"1":2593.0,"2":2614.0,"3":2955.0,"4":2496.0,"5":2875.0,"6":3168.0,"7":2831.0,"8":3039.0,"9":2815.0,"10":2666.0,"11":2902.0,"12":2973.0,"13":2807.0,"14":3118.0,"15":3231.0,"16":2707.0,"17":3106.0,"18":2673.0},"grain_proj_area":{"0":6.708629211e-16,"1":6.327928535e-16,"2":6.379176703e-16,"3":7.211349334e-16,"4":6.091210808e-16,"5":7.016118218e-16,"6":7.731152179e-16,"7":6.908741104e-16,"8":7.416342005e-16,"9":6.869694881e-16,"10":6.506076928e-16,"11":7.08200872e-16,"12":7.255276335e-16,"13":6.85017177e-16,"14":7.609132732e-16,"15":7.884896683e-16,"16":6.606132875e-16,"17":7.579848064e-16,"18":6.523159651e-16}}